{"cameraMode":{"drawMode":0,"name":"Shaded","section":"Shading Mode"},"sceneLighting":false,"audioPlay":false,"sceneViewState":{"m_AlwaysRefresh":false,"showFog":true,"showSkybox":false,"showFlares":true,"showImageEffects":true,"showParticleSystems":true,"showVisualEffectGraphs":true,"m_FxEnabled":true},"in2DMode":false,"pivot":{"x":-11.175508499145508,"y":9.227425575256348,"z":-41.899234771728519},"rotation":{"x":0.09557046741247177,"y":0.8311631679534912,"z":-0.15719348192214967,"w":0.5266340970993042},"size":0.5121647119522095,"orthographic":false}