{"cameraMode":{"drawMode":0,"name":"Shaded","section":"Shading Mode"},"sceneLighting":false,"audioPlay":false,"sceneViewState":{"m_AlwaysRefresh":false,"showFog":true,"showSkybox":false,"showFlares":true,"showImageEffects":true,"showParticleSystems":true,"showVisualEffectGraphs":true,"m_FxEnabled":true},"in2DMode":false,"pivot":{"x":-0.32978618144989016,"y":0.4891899824142456,"z":0.4403870105743408},"rotation":{"x":0.017603443935513498,"y":0.8801916241645813,"z":0.04132338613271713,"w":-0.47469979524612429},"size":0.9114896655082703,"orthographic":false}