{"cameraMode":{"drawMode":0,"name":"Shaded","section":"Shading Mode"},"sceneLighting":false,"audioPlay":false,"sceneViewState":{"m_AlwaysRefresh":false,"showFog":true,"showSkybox":false,"showFlares":true,"showImageEffects":true,"showParticleSystems":true,"showVisualEffectGraphs":true,"m_FxEnabled":true},"in2DMode":false,"pivot":{"x":-1.1920928955078126e-7,"y":0.7889114618301392,"z":0.025130867958068849},"rotation":{"x":0.2937782406806946,"y":0.32969900965690615,"z":-0.1129017248749733,"w":0.8912540078163147},"size":1.5333256721496583,"orthographic":false}