{"cameraMode":{"drawMode":0,"name":"Shaded","section":"Shading Mode"},"sceneLighting":false,"audioPlay":false,"sceneViewState":{"m_AlwaysRefresh":false,"showFog":true,"showSkybox":false,"showFlares":true,"showImageEffects":true,"showParticleSystems":true,"showVisualEffectGraphs":true,"m_FxEnabled":true},"in2DMode":false,"pivot":{"x":-14.060674667358399,"y":11.089702606201172,"z":-102.8001708984375},"rotation":{"x":0.45591074228286745,"y":-0.1684867888689041,"z":0.08474041521549225,"w":0.8706492781639099},"size":10.664809226989746,"orthographic":false}